{
  "features": [
    "duration_sec",
    "is_short",
    "duration_category",
    "title_length",
    "word_count",
    "hashtag_count",
    "has_hashtag",
    "has_emoji",
    "has_sinhala",
    "has_english",
    "is_bilingual",
    "has_numbers",
    "has_question",
    "pipe_count",
    "exclaim_count",
    "publish_month",
    "publish_dow",
    "is_weekend",
    "channel_subscribers",
    "channel_age_days"
  ],
  "use_xgboost": true,
  "channel_medians": {
    "Hey Lee": 3603.5,
    "Rasmi Vibes": 688.5,
    "Timeline of Nuraj": 2770.0
  },
  "feature_importances": {
    "duration_sec": 0.04407422989606857,
    "is_short": 0.04547721892595291,
    "duration_category": 0.031734686344861984,
    "title_length": 0.046723537147045135,
    "word_count": 0.03889615088701248,
    "hashtag_count": 0.1399540901184082,
    "has_hashtag": 0.2601510286331177,
    "has_emoji": 0.04461076483130455,
    "has_sinhala": 0.04610330983996391,
    "has_english": 0.0,
    "is_bilingual": 0.03581881523132324,
    "has_numbers": 0.025192134082317352,
    "has_question": 0.0,
    "pipe_count": 0.03770052269101143,
    "exclaim_count": 0.0,
    "publish_month": 0.050626564770936966,
    "publish_dow": 0.032958291471004486,
    "is_weekend": 0.03600919246673584,
    "channel_subscribers": 0.03953166678547859,
    "channel_age_days": 0.044437773525714874
  },
  "n_train": 191,
  "n_test": 42
}